{
  "Z-score": {
    "recall": 16.0016835016835,
    "precision": 100.0,
    "f1": 27.321715321715324,
    "recall_std": 4.57678750521141,
    "f1_std": 6.7696765480480146
  },
  "IQR": {
    "recall": 15.19360269360269,
    "precision": 100.0,
    "f1": 26.15543715543715,
    "recall_std": 4.169259132956184,
    "f1_std": 6.185893393878113
  },
  "Isolation Forest": {
    "recall": 24.57491582491582,
    "precision": 100.0,
    "f1": 39.08506308506309,
    "recall_std": 6.033493942179229,
    "f1_std": 7.632017754093326
  }
}