{
  "exp1_cross_validation": {
    "case9": {
      "n_bus": 9,
      "recall_mean": 1.0,
      "recall_std": 0.0,
      "f1_mean": 1.0380030959752324,
      "f1_std": 0.06015699761273505,
      "prec_mean": 1.0871428571428572,
      "prec_std": 0.13031750865184807,
      "n_seeds": 5
    },
    "case33bw": {
      "n_bus": 33,
      "recall_mean": 1.0,
      "recall_std": 0.0,
      "f1_mean": 1.098529411764706,
      "f1_std": 0.03241971718389511,
      "prec_mean": 1.2214285714285715,
      "prec_std": 0.07873359887517363,
      "n_seeds": 5
    },
    "case118": {
      "n_bus": 118,
      "recall_mean": 1.0,
      "recall_std": 0.0,
      "f1_mean": 0.8415584415584416,
      "f1_std": 0.019086933060648147,
      "prec_mean": 0.7269230769230769,
      "prec_std": 0.028263343185959754,
      "n_seeds": 5
    },
    "illinois200": {
      "n_bus": 200,
      "recall_mean": 1.0,
      "recall_std": 0.0,
      "f1_mean": 0.8039525691699605,
      "f1_std": 0.01742719975102652,
      "prec_mean": 0.6725274725274726,
      "prec_std": 0.02422572273082261,
      "n_seeds": 5
    },
    "case300": {
      "n_bus": 300,
      "recall_mean": 1.0,
      "recall_std": 0.0,
      "f1_mean": 0.7968379446640317,
      "f1_std": 0.017427199751026516,
      "prec_mean": 0.6626373626373627,
      "prec_std": 0.02422572273082261,
      "n_seeds": 5
    }
  },
  "exp2_ablation": {
    "case9": {
      "recall": 1.0,
      "precision": 1.125,
      "f1": 1.0588235294117647,
      "gt": 9,
      "det": 8,
      "matched": 9
    },
    "case33bw": {
      "recall": 1.0,
      "precision": 1.2857142857142858,
      "f1": 1.1250000000000002,
      "gt": 9,
      "det": 7,
      "matched": 9
    },
    "case118": {
      "recall": 1.0,
      "precision": 0.75,
      "f1": 0.8571428571428571,
      "gt": 9,
      "det": 12,
      "matched": 9
    },
    "illinois200": {
      "recall": 1.0,
      "precision": 0.6923076923076923,
      "f1": 0.8181818181818181,
      "gt": 9,
      "det": 13,
      "matched": 9
    },
    "case300": {
      "recall": 1.0,
      "precision": 0.6923076923076923,
      "f1": 0.8181818181818181,
      "gt": 9,
      "det": 13,
      "matched": 9
    }
  },
  "exp3_stress_test": {
    "1": {
      "recall": 1.0,
      "f1": 0.5794505494505493
    },
    "2": {
      "recall": 1.0,
      "f1": 0.807843137254902
    },
    "3": {
      "recall": 1.0,
      "f1": 0.8273684210526315
    },
    "4": {
      "recall": 1.0,
      "f1": 0.9354660045836518
    },
    "5": {
      "recall": 1.0,
      "f1": 0.9354660045836518
    }
  },
  "exp4_scalability": {
    "case4gs": {
      "bus": 4,
      "time": 0.5839996337890625,
      "recall": 1.0,
      "precision": 0.75,
      "f1": 0.8571428571428571,
      "gt": 6,
      "det": 8,
      "matched": 6
    },
    "case9": {
      "bus": 9,
      "time": 0.6352939605712891,
      "recall": 1.0,
      "precision": 1.125,
      "f1": 1.0588235294117647,
      "gt": 9,
      "det": 8,
      "matched": 9
    },
    "case14": {
      "bus": 14,
      "time": 0.6869828701019287,
      "recall": 1.0,
      "precision": 0.6666666666666666,
      "f1": 0.8,
      "gt": 6,
      "det": 9,
      "matched": 6
    },
    "case33bw": {
      "bus": 33,
      "time": 0.7658176422119141,
      "recall": 1.0,
      "precision": 1.2857142857142858,
      "f1": 1.1250000000000002,
      "gt": 9,
      "det": 7,
      "matched": 9
    },
    "case57": {
      "bus": 57,
      "time": 1.0579724311828613,
      "recall": 1.0,
      "precision": 0.7,
      "f1": 0.8235294117647058,
      "gt": 7,
      "det": 10,
      "matched": 7
    },
    "case118": {
      "bus": 118,
      "time": 1.9072577953338623,
      "recall": 1.0,
      "precision": 0.75,
      "f1": 0.8571428571428571,
      "gt": 9,
      "det": 12,
      "matched": 9
    },
    "illinois200": {
      "bus": 200,
      "time": 2.2245726585388184,
      "recall": 1.0,
      "precision": 0.6923076923076923,
      "f1": 0.8181818181818181,
      "gt": 9,
      "det": 13,
      "matched": 9
    },
    "case300": {
      "bus": 300,
      "time": 3.8068859577178955,
      "recall": 1.0,
      "precision": 0.6923076923076923,
      "f1": 0.8181818181818181,
      "gt": 9,
      "det": 13,
      "matched": 9
    }
  },
  "exp5_baseline": {
    "case9": {
      "full": {
        "recall": 1.0,
        "precision": 1.125,
        "f1": 1.0588235294117647,
        "gt": 9,
        "det": 8,
        "matched": 9
      }
    },
    "case33bw": {
      "full": {
        "recall": 1.0,
        "precision": 1.2857142857142858,
        "f1": 1.1250000000000002,
        "gt": 9,
        "det": 7,
        "matched": 9
      }
    },
    "case118": {
      "full": {
        "recall": 1.0,
        "precision": 0.75,
        "f1": 0.8571428571428571,
        "gt": 9,
        "det": 12,
        "matched": 9
      }
    },
    "illinois200": {
      "full": {
        "recall": 1.0,
        "precision": 0.6923076923076923,
        "f1": 0.8181818181818181,
        "gt": 9,
        "det": 13,
        "matched": 9
      }
    },
    "case300": {
      "full": {
        "recall": 1.0,
        "precision": 0.6923076923076923,
        "f1": 0.8181818181818181,
        "gt": 9,
        "det": 13,
        "matched": 9
      }
    }
  },
  "exp6_noise_robustness": {
    "0.5": {
      "recall": 1.0,
      "f1": 0.9354660045836518
    },
    "1.0": {
      "recall": 1.0,
      "f1": 0.9354660045836518
    },
    "2.0": {
      "recall": 1.0,
      "f1": 0.9060603584058962
    },
    "5.0": {
      "recall": 1.0,
      "f1": 0.892825064288249
    }
  },
  "exp7_detailed_metrics": {
    "gt": 45,
    "det": 53,
    "matched": 45,
    "recall": 1.0,
    "precision": 0.8490566037735849,
    "f1": 0.9183673469387755
  }
}