{
  "experiment": "realistic_scada_validation",
  "description": "SimBench+OPSD real load profiles, 5 baselines",
  "networks": 10,
  "results": [
    {
      "network": "1-MVLV-semiurb-5.220-2-sw",
      "buses": 232,
      "loads": 250,
      "n_anom": 18,
      "proposed": {
        "tp": 12,
        "fp": 11,
        "fn": 6,
        "recall": 0.6666666666666666,
        "precision": 0.5217391304347826,
        "f1": 0.5853658536585366,
        "time": 0.0
      },
      "pca": {
        "tp": 0,
        "fp": 0,
        "fn": 18,
        "recall": 0.0,
        "precision": 0,
        "f1": 0,
        "time": 0.0010051727294921875
      },
      "lav_robust": {
        "tp": 11,
        "fp": 41,
        "fn": 7,
        "recall": 0.6111111111111112,
        "precision": 0.21153846153846154,
        "f1": 0.3142857142857143,
        "time": 0.0
      },
      "isolation_forest": {
        "tp": 13,
        "fp": 11,
        "fn": 5,
        "recall": 0.7222222222222222,
        "precision": 0.5416666666666666,
        "f1": 0.619047619047619,
        "time": 0.12774157524108887
      },
      "elliptic_env": {
        "tp": 12,
        "fp": 12,
        "fn": 6,
        "recall": 0.6666666666666666,
        "precision": 0.5,
        "f1": 0.5714285714285715,
        "time": 0.03857898712158203
      }
    },
    {
      "network": "1-MVLV-comm-3.403-2-sw",
      "buses": 239,
      "loads": 258,
      "n_anom": 19,
      "proposed": {
        "tp": 8,
        "fp": 6,
        "fn": 11,
        "recall": 0.42105263157894735,
        "precision": 0.5714285714285714,
        "f1": 0.48484848484848486,
        "time": 0.0
      },
      "pca": {
        "tp": 0,
        "fp": 0,
        "fn": 19,
        "recall": 0.0,
        "precision": 0,
        "f1": 0,
        "time": 0.001001119613647461
      },
      "lav_robust": {
        "tp": 13,
        "fp": 88,
        "fn": 6,
        "recall": 0.6842105263157895,
        "precision": 0.12871287128712872,
        "f1": 0.21666666666666667,
        "time": 0.0
      },
      "isolation_forest": {
        "tp": 14,
        "fp": 10,
        "fn": 5,
        "recall": 0.7368421052631579,
        "precision": 0.5833333333333334,
        "f1": 0.6511627906976745,
        "time": 0.09017205238342285
      },
      "elliptic_env": {
        "tp": 8,
        "fp": 16,
        "fn": 11,
        "recall": 0.42105263157894735,
        "precision": 0.3333333333333333,
        "f1": 0.372093023255814,
        "time": 0.02754950523376465
      }
    },
    {
      "network": "1-HVMV-urban-2.203-1-sw",
      "buses": 522,
      "loads": 197,
      "n_anom": 41,
      "proposed": {
        "tp": 17,
        "fp": 33,
        "fn": 24,
        "recall": 0.4146341463414634,
        "precision": 0.34,
        "f1": 0.3736263736263737,
        "time": 0.0
      },
      "pca": {
        "tp": 0,
        "fp": 0,
        "fn": 41,
        "recall": 0.0,
        "precision": 0,
        "f1": 0,
        "time": 0.0009992122650146484
      },
      "lav_robust": {
        "tp": 33,
        "fp": 176,
        "fn": 8,
        "recall": 0.8048780487804879,
        "precision": 0.15789473684210525,
        "f1": 0.26399999999999996,
        "time": 0.0
      },
      "isolation_forest": {
        "tp": 25,
        "fp": 28,
        "fn": 16,
        "recall": 0.6097560975609756,
        "precision": 0.4716981132075472,
        "f1": 0.5319148936170213,
        "time": 0.11423182487487793
      },
      "elliptic_env": {
        "tp": 14,
        "fp": 39,
        "fn": 27,
        "recall": 0.34146341463414637,
        "precision": 0.2641509433962264,
        "f1": 0.2978723404255319,
        "time": 0.30359721183776855
      }
    },
    {
      "network": "1-MVLV-comm-5.401-1-sw",
      "buses": 220,
      "loads": 215,
      "n_anom": 17,
      "proposed": {
        "tp": 10,
        "fp": 10,
        "fn": 7,
        "recall": 0.5882352941176471,
        "precision": 0.5,
        "f1": 0.5405405405405405,
        "time": 0.0
      },
      "pca": {
        "tp": 0,
        "fp": 0,
        "fn": 17,
        "recall": 0.0,
        "precision": 0,
        "f1": 0,
        "time": 0.0
      },
      "lav_robust": {
        "tp": 9,
        "fp": 92,
        "fn": 8,
        "recall": 0.5294117647058824,
        "precision": 0.0891089108910891,
        "f1": 0.15254237288135591,
        "time": 0.0
      },
      "isolation_forest": {
        "tp": 10,
        "fp": 12,
        "fn": 7,
        "recall": 0.5882352941176471,
        "precision": 0.45454545454545453,
        "f1": 0.5128205128205129,
        "time": 0.11672329902648926
      },
      "elliptic_env": {
        "tp": 6,
        "fp": 16,
        "fn": 11,
        "recall": 0.35294117647058826,
        "precision": 0.2727272727272727,
        "f1": 0.30769230769230765,
        "time": 0.04707670211791992
      }
    },
    {
      "network": "1-LV-rural2--0-sw",
      "buses": 97,
      "loads": 99,
      "n_anom": 7,
      "proposed": {
        "tp": 5,
        "fp": 3,
        "fn": 2,
        "recall": 0.7142857142857143,
        "precision": 0.625,
        "f1": 0.6666666666666666,
        "time": 0.0009944438934326172
      },
      "pca": {
        "tp": 0,
        "fp": 0,
        "fn": 7,
        "recall": 0.0,
        "precision": 0,
        "f1": 0,
        "time": 0.0
      },
      "lav_robust": {
        "tp": 5,
        "fp": 7,
        "fn": 2,
        "recall": 0.7142857142857143,
        "precision": 0.4166666666666667,
        "f1": 0.5263157894736842,
        "time": 0.0
      },
      "isolation_forest": {
        "tp": 5,
        "fp": 5,
        "fn": 2,
        "recall": 0.7142857142857143,
        "precision": 0.5,
        "f1": 0.588235294117647,
        "time": 0.0891869068145752
      },
      "elliptic_env": {
        "tp": 4,
        "fp": 6,
        "fn": 3,
        "recall": 0.5714285714285714,
        "precision": 0.4,
        "f1": 0.47058823529411764,
        "time": 0.017031192779541016
      }
    },
    {
      "network": "1-LV-semiurb4--0-sw",
      "buses": 44,
      "loads": 41,
      "n_anom": 3,
      "proposed": {
        "tp": 2,
        "fp": 4,
        "fn": 1,
        "recall": 0.6666666666666666,
        "precision": 0.3333333333333333,
        "f1": 0.4444444444444444,
        "time": 0.0
      },
      "pca": {
        "tp": 0,
        "fp": 0,
        "fn": 3,
        "recall": 0.0,
        "precision": 0,
        "f1": 0,
        "time": 0.0
      },
      "lav_robust": {
        "tp": 2,
        "fp": 5,
        "fn": 1,
        "recall": 0.6666666666666666,
        "precision": 0.2857142857142857,
        "f1": 0.4,
        "time": 0.0
      },
      "isolation_forest": {
        "tp": 3,
        "fp": 2,
        "fn": 0,
        "recall": 1.0,
        "precision": 0.6,
        "f1": 0.7499999999999999,
        "time": 0.08414268493652344
      },
      "elliptic_env": {
        "tp": 2,
        "fp": 3,
        "fn": 1,
        "recall": 0.6666666666666666,
        "precision": 0.4,
        "f1": 0.5,
        "time": 0.014516592025756836
      }
    },
    {
      "network": "case33bw",
      "buses": 33,
      "loads": 32,
      "n_anom": 3,
      "proposed": {
        "tp": 1,
        "fp": 2,
        "fn": 2,
        "recall": 0.3333333333333333,
        "precision": 0.3333333333333333,
        "f1": 0.3333333333333333,
        "time": 0.0
      },
      "pca": {
        "tp": 0,
        "fp": 0,
        "fn": 3,
        "recall": 0.0,
        "precision": 0,
        "f1": 0,
        "time": 0.0
      },
      "lav_robust": {
        "tp": 1,
        "fp": 2,
        "fn": 2,
        "recall": 0.3333333333333333,
        "precision": 0.3333333333333333,
        "f1": 0.3333333333333333,
        "time": 0.0009467601776123047
      },
      "isolation_forest": {
        "tp": 1,
        "fp": 3,
        "fn": 2,
        "recall": 0.3333333333333333,
        "precision": 0.25,